"module","modSize","bkgrModSize","rank","enrichmentP","BonferoniP","nModGenesInTerm","fracOfBkgrModSize","fracOfBkgrTermSize","bkgrTermSize","termID","termOntology","termName","termDefinition"
"black",166,145,1,5.35865893011393e-05,0.981706315996871,15,0.103448275862069,0.161290322580645,93,"GO:0030546","MF","signaling receptor activator activity","The function of interacting (directly or indirectly) with receptors such that the proportion of receptors in the active form is increased."
"black",166,145,2,5.35865893011393e-05,0.981706315996871,15,0.103448275862069,0.161290322580645,93,"GO:0048018","MF","receptor ligand activity","The activity of a gene product that interacts with a receptor to effect a change in the activity of the receptor. Ligands may be produced by the same, or different, cell that expresses the receptor. Ligands may diffuse extracellularly from their point of origin to the receiving cell, or remain attached to an adjacent cell surface (e.g. Notch ligands)."
"black",166,145,3,8.87623761571909e-05,1,15,0.103448275862069,0.154639175257732,97,"GO:0030545","MF","receptor regulator activity","The function of interacting (directly or indirectly) with receptors such that the proportion of receptors in the active form is changed."
"black",166,145,4,0.00039679881679865,1,4,0.0275862068965517,0.5,8,"GO:0015872","BP","dopamine transport","The directed movement of dopamine into, out of or within a cell, or between cells, by means of some agent such as a transporter or pore. Dopamine is a catecholamine neurotransmitter and a metabolic precursor of noradrenaline and adrenaline."
"black",166,145,5,0.000657497222825214,1,5,0.0344827586206897,0.333333333333333,15,"GO:0051028","BP","mRNA transport","The directed movement of mRNA, messenger ribonucleic acid, into, out of or within a cell, or between cells, by means of some agent such as a transporter or pore."
"black",166,145,6,0.00080515683940237,1,6,0.0413793103448276,0.260869565217391,23,"GO:0050658","BP","RNA transport","The directed movement of RNA, ribonucleic acids, into, out of or within a cell, or between cells, by means of some agent such as a transporter or pore."
"black",166,145,7,0.00102869832767533,1,6,0.0413793103448276,0.25,24,"GO:0006403","BP","RNA localization","A process in which RNA is transported to, or maintained in, a specific location."
"black",166,145,8,0.00161584608348019,1,6,0.0413793103448276,0.230769230769231,26,"GO:0015837","BP","amine transport","The directed movement of amines, including polyamines, organic compounds containing one or more amino groups, into, out of or within a cell, or between cells, by means of some agent such as a transporter or pore."
"black",166,145,9,0.00242841413156204,1,6,0.0413793103448276,0.214285714285714,28,"GO:0008083","MF","growth factor activity","The function that stimulates a cell to grow or proliferate. Most growth factors have other actions besides the induction of cell growth or proliferation."
"black",166,145,10,0.00261726290456016,1,2,0.0137931034482759,1,2,"GO:0003223","BP","ventricular compact myocardium morphogenesis","The process in which the anatomical structures of the compact cardiac ventricle muscle are generated and organized."
"blue",428,425,1,5.20937613255687e-39,9.54357707484418e-35,137,0.322352941176471,0.43217665615142,317,"GO:0006955","BP","immune response","Any immune system process that functions in the calibrated response of an organism to a potential internal or invasive threat."
"blue",428,425,2,1.1803704483378e-38,2.16243866135485e-34,182,0.428235294117647,0.352713178294574,516,"GO:0002376","BP","immune system process","Any process involved in the development or functioning of the immune system, an organismal system for calibrated responses to potential internal or invasive threats."
"blue",428,425,3,4.04927351632052e-31,7.4182690818992e-27,130,0.305882352941176,0.39039039039039,333,"GO:0006952","BP","defense response","Reactions, triggered in response to the presence of a foreign body or the occurrence of an injury, which result in restriction of damage to the organism attacked or prevention/recovery from the infection caused by the attack."
"blue",428,425,4,1.67258063729092e-29,3.06416772751697e-25,99,0.232941176470588,0.454128440366972,218,"GO:0098542","BP","defense response to other organism","Reactions triggered in response to the presence of another organism that act to protect the cell or organism from damage caused by that organism."
"blue",428,425,5,8.53936764028679e-28,1.56441215170054e-23,117,0.275294117647059,0.391304347826087,299,"GO:0043207","BP","response to external biotic stimulus","Any process that results in a change in state or activity of a cell or an organism (in terms of movement, secretion, enzyme production, gene expression, etc.) as a result of an external biotic stimulus, an external stimulus caused by, or produced by living things."
"blue",428,425,6,8.53936764028679e-28,1.56441215170054e-23,117,0.275294117647059,0.391304347826087,299,"GO:0051707","BP","response to other organism","Any process that results in a change in state or activity of a cell or an organism (in terms of movement, secretion, enzyme production, gene expression, etc.) as a result of a stimulus from another living organism."
"blue",428,425,7,3.62500429742064e-26,6.64100787287461e-22,110,0.258823529411765,0.392857142857143,280,"GO:0002682","BP","regulation of immune system process","Any process that modulates the frequency, rate, or extent of an immune system process."
"blue",428,425,8,1.83314098329838e-25,3.35831428140262e-21,79,0.185882352941176,0.481707317073171,164,"GO:0045087","BP","innate immune response","Innate immune responses are defense responses mediated by germline encoded components that directly recognize components of potential pathogens."
"blue",428,425,9,2.77503759927209e-25,5.08386888186647e-21,87,0.204705882352941,0.448453608247423,194,"GO:0002684","BP","positive regulation of immune system process","Any process that activates or increases the frequency, rate, or extent of an immune system process."
"blue",428,425,10,7.28787298688463e-25,1.33513833119726e-20,95,0.223529411764706,0.418502202643172,227,"GO:0001775","BP","cell activation","A change in the morphology or behavior of a cell resulting from exposure to an activating factor such as a cellular or soluble ligand."
"brown",396,386,1,8.03392977788974e-22,1.4718159353094e-17,48,0.124352331606218,0.578313253012048,83,"GO:0031012","CC","extracellular matrix","A structure lying external to one or more cells, which provides structural support, biochemical or biomechanical cues for cells or tissues."
"brown",396,386,2,5.12398607684408e-18,9.38714249277835e-14,31,0.0803108808290155,0.704545454545455,44,"GO:0005201","MF","extracellular matrix structural constituent","The action of a molecule that contributes to the structural integrity of the extracellular matrix."
"brown",396,386,3,1.61484444776215e-17,2.95839502830025e-13,125,0.323834196891192,0.27114967462039,461,"GO:0005576","CC","extracellular region","The space external to the outermost structure of a cell. For cells without external protective or external encapsulating structures this refers to space outside of the plasma membrane. This term covers the host cell environment outside an intracellular parasite."
"brown",396,386,4,2.75028188191785e-17,5.03851640767351e-13,35,0.0906735751295337,0.614035087719298,57,"GO:0062023","CC","collagen-containing extracellular matrix","An extracellular matrix consisting mainly of proteins (especially collagen) and glycosaminoglycans (mostly as proteoglycans) that provides not only essential physical scaffolding for the cellular constituents but can also initiate crucial biochemical and biomechanical cues required for tissue morphogenesis, differentiation and homeostasis. The components are secreted by cells in the vicinity and form a sheet underlying or overlying cells such as endothelial and epithelial cells."
"brown",396,386,5,9.38412772435199e-14,1.71917219910128e-09,63,0.163212435233161,0.344262295081967,183,"GO:0001944","BP","vasculature development","The process whose specific outcome is the progression of the vasculature over time, from its formation to the mature structure. The vasculature is an interconnected tubular multi-tissue structure that contains fluid that is actively transported around the organism."
"brown",396,386,6,1.74580954150474e-13,3.19832308003669e-09,61,0.158031088082902,0.346590909090909,176,"GO:0001568","BP","blood vessel development","The process whose specific outcome is the progression of a blood vessel over time, from its formation to the mature structure. The blood vessel is the vasculature carrying blood."
"brown",396,386,7,2.0820119344966e-13,3.81424586399778e-09,34,0.0880829015544041,0.507462686567164,67,"GO:0030198","BP","extracellular matrix organization","A process that is carried out at the cellular level which results in the assembly, arrangement of constituent parts, or disassembly of an extracellular matrix."
"brown",396,386,8,8.50491606162875e-13,1.55810062249039e-08,95,0.246113989637306,0.269121813031161,353,"GO:0005615","CC","extracellular space","That part of a multicellular organism outside the cells proper, usually taken to be outside the plasma membranes, and occupied by fluid."
"brown",396,386,9,8.06398926893219e-12,1.47732283406838e-07,75,0.194300518134715,0.28957528957529,259,"GO:0072359","BP","circulatory system development","The process whose specific outcome is the progression of the circulatory system over time, from its formation to the mature structure. The circulatory system is the organ system that passes nutrients (such as amino acids and electrolytes), gases, hormones, blood cells, etc. to and from cells in the body to help fight diseases and help stabilize body temperature and pH to maintain homeostasis."
"brown",396,386,10,1.35468832019343e-11,2.48178900259436e-07,52,0.134715025906736,0.346666666666667,150,"GO:0048514","BP","blood vessel morphogenesis","The process in which the anatomical structures of blood vessels are generated and organized. The blood vessel is the vasculature carrying blood."
"cyan",63,59,1,0.000331190418351125,1,16,0.271186440677966,0.0524590163934426,305,"GO:0033554","BP","cellular response to stress","Any process that results in a change in state or activity of a cell (in terms of movement, secretion, enzyme production, gene expression, etc.) as a result of a stimulus indicating the organism is under stress. The stress is usually, but not necessarily, exogenous (e.g. temperature, humidity, ionizing radiation)."
"cyan",63,59,2,0.000499274356665092,1,6,0.101694915254237,0.12,50,"GO:0031668","BP","cellular response to extracellular stimulus","Any process that results in a change in state or activity of a cell (in terms of movement, secretion, enzyme production, gene expression, etc.) as a result of an extracellular stimulus."
"cyan",63,59,3,0.000526552340682758,1,4,0.0677966101694915,0.210526315789474,19,"GO:0032838","CC","plasma membrane bounded cell projection cytoplasm","All of the contents of a plasma membrane bounded cell projection, excluding the plasma membrane surrounding the projection."
"cyan",63,59,4,0.000610569828935994,1,8,0.135593220338983,0.0851063829787234,94,"GO:0006396","BP","RNA processing","Any process involved in the conversion of one or more primary RNA transcripts into one or more mature RNA molecules."
"cyan",63,59,5,0.000990696263761737,1,5,0.0847457627118644,0.131578947368421,38,"GO:0016236","BP","macroautophagy","The major inducible pathway for the general turnover of cytoplasmic constituents in eukaryotic cells, it is also responsible for the degradation of active cytoplasmic enzymes and organelles during nutrient starvation. Macroautophagy involves the formation of double-membrane-bounded autophagosomes which enclose the cytoplasmic constituent targeted for degradation in a membrane-bounded structure.  Autophagosomes then fuse with a lysosome (or vacuole) releasing single-membrane-bounded autophagic bodies that are then degraded within the lysosome (or vacuole). Some types of macroautophagy, e.g. pexophagy, mitophagy, involve selective targeting of the targets to be degraded."
"cyan",63,59,6,0.00126949921526391,1,2,0.0338983050847458,0.666666666666667,3,"GO:0072345","MF","NAADP-sensitive calcium-release channel activity","Enables the transmembrane transfer of a calcium ion by a channel that opens when nicotinic acid adenine dinucleotide phosphate (NAADP) has been bound by the channel complex or one of its constituent parts."
"cyan",63,59,7,0.00166551062137789,1,3,0.0508474576271186,0.25,12,"GO:0099023","CC","vesicle tethering complex","Any protein complex that plays a role in vesicle tethering."
"cyan",63,59,8,0.00168390352483898,1,18,0.305084745762712,0.0425531914893617,423,"GO:0009056","BP","catabolic process","The chemical reactions and pathways resulting in the breakdown of substances, including the breakdown of carbon compounds with the liberation of energy for use by the cell or organism."
"cyan",63,59,9,0.00190956659227447,1,10,0.169491525423729,0.0602409638554217,166,"GO:0019725","BP","cellular homeostasis","Any process involved in the maintenance of an internal steady state at the level of the cell."
"cyan",63,59,10,0.00204605267679351,1,7,0.11864406779661,0.0795454545454545,88,"GO:0006914","BP","autophagy","The cellular catabolic process in which cells digest parts of their own cytoplasm; allows for both recycling of macromolecular constituents under conditions of cellular stress and remodeling the intracellular structure for cell differentiation."
"green",272,252,1,6.95738080215244e-13,1.27459216295433e-08,146,0.579365079365079,0.140519730510106,1039,"GO:0005634","CC","nucleus","A membrane-bounded organelle of eukaryotic cells in which chromosomes are housed and replicated. In most cells, the nucleus contains all of the cell's chromosomes except the organellar chromosomes, and is the site of RNA synthesis and processing. In some species, or in specialized cell types, RNA metabolism or DNA replication may be absent."
"green",272,252,2,4.63572627774761e-08,0.000849265054083361,83,0.329365079365079,0.152293577981651,545,"GO:0016070","BP","RNA metabolic process","The cellular chemical reactions and pathways involving RNA, ribonucleic acid, one of the two main type of nucleic acid, consisting of a long, unbranched macromolecule formed from ribonucleotides joined in 3',5'-phosphodiester linkage."
"green",272,252,3,5.72762762284946e-08,0.00104930138050602,69,0.273809523809524,0.163507109004739,422,"GO:0003676","MF","nucleic acid binding","Interacting selectively and non-covalently with any nucleic acid."
"green",272,252,4,8.98214193773728e-08,0.00164552840299347,88,0.349206349206349,0.146911519198664,599,"GO:0031981","CC","nuclear lumen","The volume enclosed by the nuclear inner membrane."
"green",272,252,5,1.44668552037403e-07,0.00265032787332523,78,0.30952380952381,0.15234375,512,"GO:0005654","CC","nucleoplasm","That part of the nuclear content other than the chromosomes or the nucleolus."
"green",272,252,6,2.77275390939703e-07,0.00507968516201535,98,0.388888888888889,0.138222849083216,709,"GO:0006139","BP","nucleobase-containing compound metabolic process","Any cellular metabolic process involving nucleobases, nucleosides, nucleotides and nucleic acids."
"green",272,252,7,4.25694369283346e-07,0.0077987208452709,183,0.726190476190476,0.111449451887942,1642,"GO:0043231","CC","intracellular membrane-bounded organelle","Organized structure of distinctive morphology and function, bounded by a single or double lipid bilayer membrane and occurring within the cell. Includes the nucleus, mitochondria, plastids, vacuoles, and vesicles. Excludes the plasma membrane."
"green",272,252,8,6.11601467675893e-07,0.0112045388878224,16,0.0634920634920635,0.355555555555556,45,"GO:0003729","MF","mRNA binding","Interacting selectively and non-covalently with messenger RNA (mRNA), an intermediate molecule between DNA and protein. mRNA includes UTR and coding sequences, but does not contain introns."
"green",272,252,9,1.28634296778602e-06,0.0235658031698399,104,0.412698412698413,0.131645569620253,790,"GO:0010467","BP","gene expression","The process in which a gene's sequence is converted into a mature gene product or products (proteins or RNA). This includes the production of an RNA transcript as well as any processing to produce a mature RNA product or an mRNA or circRNA (for protein-coding genes) and the translation of that mRNA or circRNA into protein. Protein maturation is included when required to form an active form of a product from an inactive precursor form."
"green",272,252,10,1.78963148498847e-06,0.0327860488049888,98,0.388888888888889,0.133333333333333,735,"GO:0046483","BP","heterocycle metabolic process","The chemical reactions and pathways involving heterocyclic compounds, those with a cyclic molecular structure and at least two different atoms in the ring (or rings)."
"greenyellow",93,82,1,1.31460123733943e-27,2.40834946680584e-23,27,0.329268292682927,0.45,60,"GO:0030016","CC","myofibril","The contractile element of skeletal and cardiac muscle; a long, highly organized bundle of actin, myosin, and other proteins that contracts by a sliding filament mechanism."
"greenyellow",93,82,2,6.89917630739634e-27,1.26392909951501e-22,27,0.329268292682927,0.428571428571429,63,"GO:0043292","CC","contractile fiber","Fibers, composed of actin, myosin, and associated proteins, found in cells of smooth or striated muscle."
"greenyellow",93,82,3,8.10141385084181e-25,1.48417901747422e-20,24,0.292682926829268,0.461538461538462,52,"GO:0030017","CC","sarcomere","The repeating unit of a myofibril in a muscle cell, composed of an array of overlapping thick and thin filaments between two adjacent Z discs."
"greenyellow",93,82,4,6.75255301521898e-18,1.23706771238812e-13,32,0.390243902439024,0.169312169312169,189,"GO:0099512","CC","supramolecular fiber","A polymer consisting of an indefinite number of protein or protein complex subunits that have polymerised to form a fiber-shaped structure."
"greenyellow",93,82,5,2.08537747562251e-15,3.82041153534045e-11,33,0.402439024390244,0.135245901639344,244,"GO:0099080","CC","supramolecular complex","A cellular component that consists of an indeterminate number of proteins or macromolecular complexes, organized into a regular, higher-order structure such as a polymer, sheet, network or a fiber."
"greenyellow",93,82,6,2.80274917079537e-15,5.13463648089713e-11,15,0.182926829268293,0.441176470588235,34,"GO:0031674","CC","I band","A region of a sarcomere that appears as a light band on each side of the Z disc, comprising a region of the sarcomere where thin (actin) filaments are not overlapped by thick (myosin) filaments; contains actin, troponin, and tropomyosin; each sarcomere includes half of an I band at each end."
"greenyellow",93,82,7,9.03420969754742e-15,1.65506721659069e-10,17,0.207317073170732,0.333333333333333,51,"GO:0055001","BP","muscle cell development","The process whose specific outcome is the progression of a muscle cell over time, from its formation to the mature structure. Muscle cell development does not include the steps involved in committing an unspecified cell to the muscle cell fate."
"greenyellow",93,82,8,9.54175940447228e-15,1.74805032289932e-10,26,0.317073170731707,0.174496644295302,149,"GO:0061061","BP","muscle structure development","The progression of a muscle structure over time, from its formation to its mature state. Muscle structures are contractile cells, tissues or organs that are found in multicellular organisms."
"greenyellow",93,82,9,4.15080724166965e-14,7.6042788667388e-10,16,0.195121951219512,0.340425531914894,47,"GO:0055002","BP","striated muscle cell development","The process whose specific outcome is the progression of a striated muscle cell over time, from its formation to the mature structure. Striated muscle cells contain fibers that are divided by transverse bands into striations, and cardiac and skeletal muscle are types of striated muscle."
"greenyellow",93,82,10,6.94788193035206e-13,1.2728519696405e-08,19,0.231707317073171,0.223529411764706,85,"GO:0003012","BP","muscle system process","A organ system process carried out at the level of a muscle. Muscle tissue is composed of contractile cells or fibers."
"grey",81,72,1,1.58889377107552e-05,0.291085338861035,3,0.0416666666666667,1,3,"GO:0035662","MF","Toll-like receptor 4 binding","Interacting selectively and non-covalently with a Toll-like 4 protein, a pattern recognition receptor that binds bacterial lipopolysaccharide (LPS) to initiate an innate immune response."
"grey",81,72,2,3.28381362063247e-05,0.601594655299869,5,0.0694444444444444,0.3125,16,"GO:0060285","BP","cilium-dependent cell motility","Cell motility due to the motion of one or more eukaryotic cilia. A eukaryotic cilium is a specialized organelle that consists of a filiform extrusion of the cell surface. Each cilium is bounded by an extrusion of the cytoplasmic (plasma) membrane, and contains a regular longitudinal array of microtubules, anchored basally in a centriole."
"grey",81,72,3,3.28381362063247e-05,0.601594655299869,5,0.0694444444444444,0.3125,16,"GO:0060294","BP","cilium movement involved in cell motility","Movement of cilia mediated by motor proteins that contributes to the movement of a cell."
"grey",81,72,4,4.56025637376906e-05,0.835438967674491,5,0.0694444444444444,0.294117647058824,17,"GO:0003341","BP","cilium movement","The directed, self-propelled movement of a cilium."
"grey",81,72,5,0.000111892101736648,1,4,0.0555555555555556,0.363636363636364,11,"GO:0050832","BP","defense response to fungus","Reactions triggered in response to the presence of a fungus that act to protect the cell or organism."
"grey",81,72,6,0.000320228788050538,1,4,0.0555555555555556,0.285714285714286,14,"GO:0030317","BP","flagellated sperm motility","The directed, self-propelled movement of a cilium (aka flagellum) that contributes to the movement of a flagellated sperm."
"grey",81,72,7,0.000320228788050538,1,4,0.0555555555555556,0.285714285714286,14,"GO:0097722","BP","sperm motility","Any process involved in the controlled movement of a sperm cell."
"grey",81,72,8,0.000560121620553486,1,4,0.0555555555555556,0.25,16,"GO:0009620","BP","response to fungus","Any process that results in a change in state or activity of a cell or an organism (in terms of movement, secretion, enzyme production, gene expression, etc.) as a result of a stimulus from a fungus."
"grey",81,72,9,0.000640778159392313,1,2,0.0277777777777778,1,2,"GO:0070488","BP","neutrophil aggregation","The adhesion of one neutrophil to one or more other neutrophils via adhesion molecules."
"grey",81,72,10,0.000811281133598829,1,3,0.0416666666666667,0.375,8,"GO:0035325","MF","Toll-like receptor binding","Interacting selectively and non-covalently with a Toll-like protein, a pattern recognition receptor that binds pattern motifs from a variety of microbial sources to initiate an innate immune response."
"grey60",42,34,1,0.000831140422328517,1,2,0.0588235294117647,0.5,4,"GO:0099612","BP","protein localization to axon","A process in which a protein is transported to or maintained in a location within an axon."
"grey60",42,34,2,0.00252780928591137,1,4,0.117647058823529,0.0816326530612245,49,"GO:0008544","BP","epidermis development","The process whose specific outcome is the progression of the epidermis over time, from its formation to the mature structure. The epidermis is the outer epithelial layer of an animal, it may be a single layer that produces an extracellular material (e.g. the cuticle of arthropods) or a complex stratified squamous epithelium, as in the case of many vertebrate species."
"grey60",42,34,3,0.00860622569803578,1,2,0.0588235294117647,0.166666666666667,12,"GO:2001222","BP","regulation of neuron migration",NA
"grey60",42,34,4,0.0120353982300886,1,1,0.0294117647058824,1,1,"GO:0007161","BP","calcium-independent cell-matrix adhesion","The binding of a cell to the extracellular matrix via adhesion molecules that do not require the presence of calcium for the interaction."
"grey60",42,34,5,0.0120353982300886,1,1,0.0294117647058824,1,1,"GO:0021869","BP","forebrain ventricular zone progenitor cell division","The mitotic division of a basal progenitor giving rise to two neurons."
"grey60",42,34,6,0.0120353982300886,1,1,0.0294117647058824,1,1,"GO:0034497","BP","protein localization to phagophore assembly site","Any process in which a protein is transported to, or maintained at, the phagophore assembly site (PAS)."
"grey60",42,34,7,0.0120353982300886,1,1,0.0294117647058824,1,1,"GO:0042297","BP","vocal learning","A behavioral process whose outcome is a relatively long-lasting behavioral change whereby an organism modifies innate vocalizations to imitate sounds produced by others."
"grey60",42,34,8,0.0120353982300886,1,1,0.0294117647058824,1,1,"GO:0044804","BP","autophagy of nucleus","A form of autophagy, by which damaged or non-essential parts of the nucleus, or even an entire nucleus is degraded."
"grey60",42,34,9,0.0120353982300886,1,1,0.0294117647058824,1,1,"GO:0044805","BP","late nucleophagy","A type of nucleophagy, distinct from piecemeal microautophagy of the nucleus (PNM) where the nuclear material is delivered to the vacuole/lysosome for breakdown and recycling later than observed for PNM."
"grey60",42,34,10,0.0120353982300886,1,1,0.0294117647058824,1,1,"GO:0045161","BP","neuronal ion channel clustering","The process in which voltage-gated ion channels become localized to distinct subcellular domains in the neuron. Specific targeting, clustering, and maintenance of these channels in their respective domains are essential to achieve high conduction velocities of action potential propagation."
"lightcyan",43,41,1,2.05026101249315e-05,0.375607817488744,8,0.195121951219512,0.0941176470588235,85,"GO:1905114","BP","cell surface receptor signaling pathway involved in cell-cell signaling",NA
"lightcyan",43,41,2,6.13319120236362e-05,1,4,0.0975609756097561,0.25,16,"GO:0008013","MF","beta-catenin binding","Interacting selectively and non-covalently with the beta subunit of the catenin complex."
"lightcyan",43,41,3,0.000611031425169777,1,2,0.0487804878048781,0.666666666666667,3,"GO:0016577","BP","histone demethylation","The modification of histones by removal of methyl groups."
"lightcyan",43,41,4,0.000611031425169777,1,2,0.0487804878048781,0.666666666666667,3,"GO:0070076","BP","histone lysine demethylation","The modification of a histone by the removal of a methyl group from a lysine residue."
"lightcyan",43,41,5,0.000611031425169777,1,2,0.0487804878048781,0.666666666666667,3,"GO:0045295","MF","gamma-catenin binding","Interacting selectively and non-covalently with the gamma subunit of the catenin complex."
"lightcyan",43,41,6,0.000660730184030913,1,6,0.146341463414634,0.0789473684210526,76,"GO:0016055","BP","Wnt signaling pathway","The series of molecular signals initiated by binding of a Wnt protein to a frizzled family receptor on the surface of the target cell and ending with a change in cell state."
"lightcyan",43,41,7,0.000708907594907761,1,6,0.146341463414634,0.0779220779220779,77,"GO:0198738","BP","cell-cell signaling by wnt",NA
"lightcyan",43,41,8,0.00073396886049699,1,3,0.0731707317073171,0.230769230769231,13,"GO:0046928","BP","regulation of neurotransmitter secretion","Any process that modulates the frequency, rate or extent of the regulated release of a neurotransmitter from a cell."
"lightcyan",43,41,9,0.00120460985408324,1,5,0.121951219512195,0.087719298245614,57,"GO:0030111","BP","regulation of Wnt signaling pathway","Any process that modulates the frequency, rate or extent of the activity of the Wnt signal transduction pathway."
"lightcyan",43,41,10,0.00121081767866465,1,2,0.0487804878048781,0.5,4,"GO:0006482","BP","protein demethylation","The removal of a methyl group, from a protein amino acid. A methyl group is derived from methane by the removal of a hydrogen atom."
"lightgreen",29,24,1,0.000206497579134916,1,2,0.0833333333333333,0.666666666666667,3,"GO:0061101","BP","neuroendocrine cell differentiation","The process in which a relatively unspecialized cell acquires specialized structural and/or functional features of a neuroendocrine cell. A neuroendocrine cell is a cell that receives input form a neuron which controls the secretion of an endocrine substance."
"lightgreen",29,24,2,0.000206497579134916,1,2,0.0833333333333333,0.666666666666667,3,"GO:0061549","BP","sympathetic ganglion development","The process whose specific outcome is the progression of a sympathetic ganglion over time, from its formation to the mature structure."
"lightgreen",29,24,3,0.000229417437104316,1,3,0.125,0.2,15,"GO:0042472","BP","inner ear morphogenesis","The process in which the anatomical structures of the inner ear are generated and organized. The inner ear is the structure in vertebrates that contains the organs of balance and hearing. It consists of soft hollow sensory structures (the membranous labyrinth) containing fluid (endolymph) surrounded by fluid (perilymph) and encased in a bony cavity (the bony labyrinth). It consists of two chambers, the sacculus and utriculus, from which arise the cochlea and semicircular canals respectively."
"lightgreen",29,24,4,0.000339053696121563,1,3,0.125,0.176470588235294,17,"GO:0042471","BP","ear morphogenesis","The process in which the anatomical structures of the ear are generated and organized. The ear is the sense organ in vertebrates that is specialized for the detection of sound, and the maintenance of balance. Includes the outer ear and middle ear, which collect and transmit sound waves; and the inner ear, which contains the organs of balance and (except in fish) hearing. Also includes the pinna, the visible part of the outer ear, present in some mammals."
"lightgreen",29,24,5,0.000410850307524527,1,2,0.0833333333333333,0.5,4,"GO:0048485","BP","sympathetic nervous system development","The process whose specific outcome is the progression of the sympathetic nervous system over time, from its formation to the mature structure. The sympathetic nervous system is one of the two divisions of the vertebrate autonomic nervous system (the other being the parasympathetic nervous system). The sympathetic preganglionic neurons have their cell bodies in the thoracic and lumbar regions of the spinal cord and connect to the paravertebral chain of sympathetic ganglia. Innervate heart and blood vessels, sweat glands, viscera and the adrenal medulla. Most sympathetic neurons, but not all, use noradrenaline as a post-ganglionic neurotransmitter."
"lightgreen",29,24,6,0.000410850307524527,1,2,0.0833333333333333,0.5,4,"GO:0061548","BP","ganglion development","The process whose specific outcome is the progression of a ganglion over time, from its formation to the mature structure."
"lightgreen",29,24,7,0.000793997901075362,1,7,0.291666666666667,0.0362694300518135,193,"GO:0009887","BP","animal organ morphogenesis","Morphogenesis of an animal organ. An organ is defined as a tissue or set of tissues that work together to perform a specific function or functions. Morphogenesis is the process in which anatomical structures are generated and organized. Organs are commonly observed as visibly distinct structures, but may also exist as loosely associated clusters of cells that work together to perform a specific function or functions."
"lightgreen",29,24,8,0.000898197593915747,1,5,0.208333333333333,0.0537634408602151,93,"GO:0007423","BP","sensory organ development","The process whose specific outcome is the progression of sensory organs over time, from its formation to the mature structure."
"lightgreen",29,24,9,0.00141570555676782,1,2,0.0833333333333333,0.285714285714286,7,"GO:0002067","BP","glandular epithelial cell differentiation","The process in which a relatively unspecialized cell acquires specialized features of a glandular epithelial cell. A glandular epithelial cell is a columnar/cuboidal epithelial cell found in a two dimensional sheet with a free surface exposed to the lumen of a gland."
"lightgreen",29,24,10,0.00142913927701762,1,5,0.208333333333333,0.0485436893203883,103,"GO:0048598","BP","embryonic morphogenesis","The process in which anatomical structures are generated and organized during the embryonic phase. The embryonic phase begins with zygote formation. The end of the embryonic phase is organism-specific. For example, it would be at birth for mammals, larval hatching for insects and seed dormancy in plants."
"magenta",113,111,1,9.7461602969378e-21,1.785496566399e-16,60,0.540540540540541,0.130151843817787,461,"GO:0005576","CC","extracellular region","The space external to the outermost structure of a cell. For cells without external protective or external encapsulating structures this refers to space outside of the plasma membrane. This term covers the host cell environment outside an intracellular parasite."
"magenta",113,111,2,2.97442522264966e-18,5.44914700789418e-14,50,0.45045045045045,0.141643059490085,353,"GO:0005615","CC","extracellular space","That part of a multicellular organism outside the cells proper, usually taken to be outside the plasma membranes, and occupied by fluid."
"magenta",113,111,3,1.44724517928924e-12,2.65135316845789e-08,15,0.135135135135135,0.405405405405405,37,"GO:0004252","MF","serine-type endopeptidase activity","Catalysis of the hydrolysis of internal, alpha-peptide bonds in a polypeptide chain by a catalytic mechanism that involves a catalytic triad consisting of a serine nucleophile that is activated by a proton relay involving an acidic residue (e.g. aspartate or glutamate) and a basic residue (usually histidine)."
"magenta",113,111,4,8.60128533648864e-12,1.57575547364472e-07,15,0.135135135135135,0.365853658536585,41,"GO:0008236","MF","serine-type peptidase activity","Catalysis of the hydrolysis of peptide bonds in a polypeptide chain by a catalytic mechanism that involves a catalytic triad consisting of a serine nucleophile that is activated by a proton relay involving an acidic residue (e.g. aspartate or glutamate) and a basic residue (usually histidine)."
"magenta",113,111,5,1.29490344167493e-11,2.37226310514846e-07,15,0.135135135135135,0.357142857142857,42,"GO:0017171","MF","serine hydrolase activity","Catalysis of the hydrolysis of a substrate by a catalytic mechanism that involves a catalytic triad consisting of a serine nucleophile that is activated by a proton relay involving an acidic residue (e.g. aspartate or glutamate) and a basic residue (usually histidine)."
"magenta",113,111,6,6.76479701851845e-11,1.23931081379258e-06,22,0.198198198198198,0.2,110,"GO:0008233","MF","peptidase activity","Catalysis of the hydrolysis of a peptide bond. A peptide bond is a covalent bond formed when the carbon atom from the carboxyl group of one amino acid shares electrons with the nitrogen atom from the amino group of a second amino acid."
"magenta",113,111,7,9.02215054729613e-10,1.65285798026465e-05,19,0.171171171171171,0.206521739130435,92,"GO:0030141","CC","secretory granule","A small subcellular vesicle, surrounded by a membrane, that is formed from the Golgi apparatus and contains a highly concentrated protein destined for secretion. Secretory granules move towards the periphery of the cell and upon stimulation, their membranes fuse with the cell membrane, and their protein load is exteriorized. Processing of the contained protein may take place in secretory granules."
"magenta",113,111,8,3.93526278510935e-09,7.20940142232033e-05,17,0.153153153153153,0.215189873417722,79,"GO:0004175","MF","endopeptidase activity","Catalysis of the hydrolysis of internal, alpha-peptide bonds in a polypeptide chain."
"magenta",113,111,9,2.81128270671091e-08,0.000515026991869438,11,0.0990990990990991,0.323529411764706,34,"GO:0007586","BP","digestion","The whole of the physical, chemical, and biochemical processes carried out by multicellular organisms to break down ingested nutrients into components that may be easily absorbed and directed into metabolism."
"magenta",113,111,10,5.52465870900417e-08,0.00101211747548956,11,0.0990990990990991,0.305555555555556,36,"GO:0005903","CC","brush border","The dense covering of microvilli on the apical surface of a epithelial cells in tissues such as the intestine, kidney, and choroid plexus; the microvilli aid absorption by increasing the surface area of the cell."
"midnightblue",41,36,1,0.000157938278723458,1,2,0.0555555555555556,1,2,"GO:0002840","BP","regulation of T cell mediated immune response to tumor cell","Any process that modulates the frequency, rate, or extent of a T cell mediated immune response to tumor cell."
"midnightblue",41,36,2,0.000215556818427982,1,7,0.194444444444444,0.0693069306930693,101,"GO:1990234","CC","transferase complex",NA
"midnightblue",41,36,3,0.000498216555133834,1,3,0.0833333333333333,0.230769230769231,13,"GO:0002039","MF","p53 binding","Interacting selectively and non-covalently with one of the p53 family of proteins."
"midnightblue",41,36,4,0.000932478830115874,1,2,0.0555555555555556,0.5,4,"GO:0098761","BP","cellular response to interleukin-7","Any process that results in a change in state or activity of a cell (in terms of movement, secretion, enzyme production, gene expression, etc.) as a result of an interleukin-7 stimulus."
"midnightblue",41,36,5,0.00154167150217637,1,2,0.0555555555555556,0.4,5,"GO:0002418","BP","immune response to tumor cell","An immune system process that functions in the response of an organism to a tumor cell."
"midnightblue",41,36,6,0.0029416272130319,1,17,0.472222222222222,0.024113475177305,705,"GO:0044267","BP","cellular protein metabolic process","The chemical reactions and pathways involving a specific protein, rather than of proteins in general, occurring at the level of an individual cell. Includes cellular protein modification."
"midnightblue",41,36,7,0.00318586459829676,1,2,0.0555555555555556,0.285714285714286,7,"GO:0033273","BP","response to vitamin","Any process that results in a change in state or activity of a cell or an organism (in terms of movement, secretion, enzyme production, gene expression, etc.) as a result of a vitamin stimulus."
"midnightblue",41,36,8,0.00500410627295796,1,3,0.0833333333333333,0.107142857142857,28,"GO:0050821","BP","protein stabilization","Any process involved in maintaining the structure and integrity of a protein and preventing it from degradation or aggregation."
"midnightblue",41,36,9,0.00537449118611842,1,2,0.0555555555555556,0.222222222222222,9,"GO:0008080","MF","N-acetyltransferase activity","Catalysis of the transfer of an acetyl group to a nitrogen atom on the acceptor molecule."
"midnightblue",41,36,10,0.00559428948408278,1,7,0.194444444444444,0.04,175,"GO:1902494","CC","catalytic complex",NA
"pink",106,94,1,4.67788119977872e-07,0.00856987835799462,6,0.0638297872340425,0.545454545454545,11,"GO:0015934","CC","large ribosomal subunit","The larger of the two subunits of a ribosome. Two sites on the ribosomal large subunit are involved in translation, namely the aminoacyl site (A site) and peptidyl site (P site)."
"pink",106,94,2,4.16133320930763e-06,0.0762356243945158,5,0.0531914893617021,0.555555555555556,9,"GO:0005746","CC","mitochondrial respirasome","The protein complexes that form the mitochondrial electron transport system (the respiratory chain), associated with the inner mitochondrial membrane. The respiratory chain complexes transfer electrons from an electron donor to an electron acceptor and are associated with a proton pump to create a transmembrane electrochemical gradient."
"pink",106,94,3,4.16133320930763e-06,0.0762356243945158,5,0.0531914893617021,0.555555555555556,9,"GO:0022625","CC","cytosolic large ribosomal subunit","The large subunit of a ribosome located in the cytosol."
"pink",106,94,4,7.86876059355818e-06,0.144155694073986,7,0.074468085106383,0.291666666666667,24,"GO:0005840","CC","ribosome","An intracellular organelle, about 200 A in diameter, consisting of RNA and protein. It is the site of protein biosynthesis resulting from translation of messenger RNA (mRNA). It consists of two subunits, one large and one small, each containing only protein and RNA. Both the ribosome and its subunits are characterized by their sedimentation coefficients, expressed in Svedberg units (symbol: S). Hence, the prokaryotic ribosome (70S) comprises a large (50S) subunit and a small (30S) subunit, while the eukaryotic ribosome (80S) comprises a large (60S) subunit and a small (40S) subunit. Two sites on the ribosomal large subunit are involved in translation, namely the aminoacyl site (A site) and peptidyl site (P site). Ribosomes from prokaryotes, eukaryotes, mitochondria, and chloroplasts have characteristically distinct ribosomal proteins."
"pink",106,94,5,8.10419609382158e-06,0.148468872438811,5,0.0531914893617021,0.5,10,"GO:0070469","CC","respirasome","The protein complexes that form the electron transport system (the respiratory chain), associated with a cell membrane, usually the plasma membrane (in prokaryotes) or the inner mitochondrial membrane (on eukaryotes). The respiratory chain complexes transfer electrons from an electron donor to an electron acceptor and are associated with a proton pump to create a transmembrane electrochemical gradient."
"pink",106,94,6,8.46473335678534e-06,0.155073915096307,12,0.127659574468085,0.15,80,"GO:1990904","CC","ribonucleoprotein complex",NA
"pink",106,94,7,1.55529504267573e-05,0.284930051818193,6,0.0638297872340425,0.333333333333333,18,"GO:0022626","CC","cytosolic ribosome","A ribosome located in the cytosol."
"pink",106,94,8,2.92154021444864e-05,0.535226167286991,12,0.127659574468085,0.133333333333333,90,"GO:0031966","CC","mitochondrial membrane","Either of the lipid bilayers that surround the mitochondrion and form the mitochondrial envelope."
"pink",106,94,9,4.21313953974139e-05,0.771847163680624,17,0.180851063829787,0.0971428571428571,175,"GO:1902494","CC","catalytic complex",NA
"pink",106,94,10,5.64704736281008e-05,1,12,0.127659574468085,0.125,96,"GO:0005740","CC","mitochondrial envelope","The double lipid bilayer enclosing the mitochondrion and separating its contents from the cell cytoplasm; includes the intermembrane space."
"purple",75,68,1,3.58903275890253e-12,6.57510801430943e-08,21,0.308823529411765,0.146853146853147,143,"GO:0000981","MF","DNA-binding transcription factor activity, RNA polymerase II-specific","Interacting selectively and non-covalently with a specific double-stranded genomic DNA sequence (sometimes referred to as a motif) within the regulatory region of a RNA polymerase II-transcribed gene to modulate transcription. Regulatory regions include promoters (proximal and distal) and enhancers. Genes are transcriptional units."
"purple",75,68,2,2.33029415689388e-11,4.26909889542959e-07,21,0.308823529411765,0.133757961783439,157,"GO:0003700","MF","DNA-binding transcription factor activity","Interacting selectively and non-covalently with a specific double-stranded genomic DNA sequence (sometimes referred to as a motif) within the regulatory region of a gene to modulate transcription. Regulatory regions include promoters (proximal and distal) and enhancers. Genes are transcriptional units, and include bacterial operons."
"purple",75,68,3,4.32916134629333e-11,7.93102358640938e-07,21,0.308823529411765,0.12962962962963,162,"GO:0000977","MF","RNA polymerase II transcription regulatory region sequence-specific DNA binding","Interacting selectively and non-covalently with a specific sequence of DNA that is part of a regulatory region that controls the transcription of a gene or cistron by RNA polymerase II."
"purple",75,68,4,3.0196958796608e-10,5.53208285153859e-06,21,0.308823529411765,0.11731843575419,179,"GO:0000976","MF","transcription regulatory region sequence-specific DNA binding","Interacting selectively and non-covalently with a specific sequence of DNA that is part of a regulatory region that controls transcription of that section of the DNA. The transcribed region might be described as a gene, cistron, or operon."
"purple",75,68,5,7.71681755832794e-10,1.41372097668568e-05,21,0.308823529411765,0.111702127659574,188,"GO:1990837","MF","sequence-specific double-stranded DNA binding",NA
"purple",75,68,6,2.98661985168113e-09,5.47148756827984e-05,21,0.308823529411765,0.103960396039604,202,"GO:0003690","MF","double-stranded DNA binding","Interacting selectively and non-covalently with double-stranded DNA."
"purple",75,68,7,2.98661985168113e-09,5.47148756827984e-05,21,0.308823529411765,0.103960396039604,202,"GO:0043565","MF","sequence-specific DNA binding","Interacting selectively and non-covalently with DNA of a specific nucleotide composition, e.g. GC-rich DNA binding, or with a specific sequence motif or type of DNA e.g. promotor binding or rDNA binding."
"purple",75,68,8,6.70796193437868e-09,0.000122889862637817,21,0.308823529411765,0.0995260663507109,211,"GO:0140110","MF","transcription regulator activity",NA
"purple",75,68,9,4.81857593186847e-08,0.000882763110718304,16,0.235294117647059,0.119402985074627,134,"GO:0000978","MF","RNA polymerase II cis-regulatory region sequence-specific DNA binding","Interacting selectively and non-covalently with a specific upstream regulatory DNA sequence (transcription factor recognition sequence or binding site) located in cis relative to the transcription start site (i.e., on the same strand of DNA) of a gene transcribed by RNA polymerase II."
"purple",75,68,10,6.64275794796191e-08,0.00121695325606662,16,0.235294117647059,0.116788321167883,137,"GO:0000987","MF","cis-regulatory region sequence-specific DNA binding","Interacting selectively and non-covalently with a specific upstream regulatory DNA sequence (transcription factor recognition sequence or binding site) located in cis relative to the transcription start site (i.e., on the same strand of DNA) of a gene transcribed by some RNA polymerase. The proximal promoter is in cis with and relatively close to the core promoter."
"red",203,199,1,1.11724496212902e-38,2.04679277062036e-34,89,0.447236180904523,0.295681063122924,301,"GO:0007049","BP","cell cycle","The progression of biochemical and morphological phases and events that occur in a cell during successive cell replication or nuclear replication events. Canonically, the cell cycle comprises the replication and segregation of genetic material followed by the division of the cell, but in endocycles or syncytial cells nuclear replication or nuclear division may not be followed by cell division."
"red",203,199,2,1.22010130175619e-36,2.23522558481735e-32,66,0.331658291457286,0.397590361445783,166,"GO:0000278","BP","mitotic cell cycle","Progression through the phases of the mitotic cell cycle, the most common eukaryotic cell cycle, which canonically comprises four successive phases called G1, S, G2, and M and includes replication of the genome and the subsequent segregation of chromosomes into daughter cells. In some variant cell cycles nuclear replication or nuclear division may not be followed by cell division, or G1 and G2 phases may be absent."
"red",203,199,3,1.30413712506312e-33,2.38917921311564e-29,36,0.180904522613065,0.765957446808511,47,"GO:0000775","CC","chromosome, centromeric region","The region of a chromosome that includes the centromeric DNA and associated proteins. In monocentric chromosomes, this region corresponds to a single area of the chromosome, whereas in holocentric chromosomes, it is evenly distributed along the chromosome."
"red",203,199,4,6.4258740558939e-29,1.17722012703976e-24,38,0.190954773869347,0.59375,64,"GO:0007059","BP","chromosome segregation","The process in which genetic material, in the form of chromosomes, is organized into specific structures and then physically separated and apportioned to two or more sets. In eukaryotes, chromosome segregation begins with the condensation of chromosomes, includes chromosome separation, and ends when chromosomes have completed movement to the spindle poles."
"red",203,199,5,5.42966567224478e-27,9.94714751155244e-23,49,0.246231155778894,0.401639344262295,122,"GO:0051301","BP","cell division","The process resulting in division and partitioning of components of a cell to form more cells; may or may not be accompanied by the physical separation of a cell into distinct, individually membrane-bounded daughter cells."
"red",203,199,6,1.02233787533565e-26,1.87292298761491e-22,60,0.301507537688442,0.317460317460317,189,"GO:0005694","CC","chromosome","A structure composed of a very long molecule of DNA and associated proteins (e.g. histones) that carries hereditary information."
"red",203,199,7,7.32974042484473e-25,1.34280844583155e-20,28,0.14070351758794,0.717948717948718,39,"GO:0000819","BP","sister chromatid segregation","The cell cycle process in which sister chromatids are organized and then physically separated and apportioned to two or more sets."
"red",203,199,8,7.54864773686971e-25,1.38291226539453e-20,27,0.135678391959799,0.75,36,"GO:0000070","BP","mitotic sister chromatid segregation","The cell cycle process in which replicated homologous chromosomes are organized and then physically separated and apportioned to two sets during the mitotic cell cycle. Each replicated chromosome, composed of two sister chromatids, aligns at the cell equator, paired with its homologous partner. One homolog of each morphologic type goes into each of the resulting chromosome sets."
"red",203,199,9,1.5859267086997e-24,2.90541773033785e-20,39,0.195979899497487,0.469879518072289,83,"GO:0048285","BP","organelle fission","The creation of two or more organelles by division of one organelle."
"red",203,199,10,2.41309949993427e-24,4.42079828387958e-20,32,0.160804020100503,0.592592592592593,54,"GO:0140014","BP","mitotic nuclear division",NA
"salmon",78,78,1,1.90036351812738e-20,3.48146596520937e-16,29,0.371794871794872,0.224806201550388,129,"GO:0008610","BP","lipid biosynthetic process","The chemical reactions and pathways resulting in the formation of lipids, compounds soluble in an organic solvent but not, or sparingly, in an aqueous solvent."
"salmon",78,78,2,4.23277738551023e-18,7.75444817025473e-14,37,0.474358974358974,0.132616487455197,279,"GO:0006629","BP","lipid metabolic process","The chemical reactions and pathways involving lipids, compounds soluble in an organic solvent but not, or sparingly, in an aqueous solvent. Includes fatty acids; neutral fats, other fatty-acid esters, and soaps; long-chain (fatty) alcohols and waxes; sphingoids and other long-chain bases; glycolipids, phospholipids and sphingolipids; and carotenes, polyprenols, sterols, terpenes and other isoprenoids."
"salmon",78,78,3,7.06740636811014e-15,1.29474884663778e-10,30,0.384615384615385,0.138248847926267,217,"GO:0044255","BP","cellular lipid metabolic process","The chemical reactions and pathways involving lipids, as carried out by individual cells."
"salmon",78,78,4,5.57075103238213e-14,1.02056158913241e-09,25,0.320512820512821,0.162337662337662,154,"GO:0032787","BP","monocarboxylic acid metabolic process","The chemical reactions and pathways involving monocarboxylic acids, any organic acid containing one carboxyl (COOH) group or anion (COO-)."
"salmon",78,78,5,9.43972189503894e-14,1.72935705117113e-09,11,0.141025641025641,0.611111111111111,18,"GO:0016126","BP","sterol biosynthetic process","The chemical reactions and pathways resulting in the formation of sterols, steroids with one or more hydroxyl groups and a hydrocarbon side-chain in the molecule."
"salmon",78,78,6,1.77032575441877e-13,3.24323678209518e-09,28,0.358974358974359,0.133971291866029,209,"GO:0019752","BP","carboxylic acid metabolic process","The chemical reactions and pathways involving carboxylic acids, any organic acid containing one or more carboxyl (COOH) groups or anions (COO-)."
"salmon",78,78,7,9.50066801959366e-13,1.74052238118956e-08,28,0.358974358974359,0.125560538116592,223,"GO:0006082","BP","organic acid metabolic process","The chemical reactions and pathways involving organic acids, any acidic compound containing carbon in covalent linkage."
"salmon",78,78,8,2.38581274817145e-12,4.37080895465009e-08,10,0.128205128205128,0.588235294117647,17,"GO:0006695","BP","cholesterol biosynthetic process","The chemical reactions and pathways resulting in the formation of cholesterol, cholest-5-en-3 beta-ol, the principal sterol of vertebrates and the precursor of many steroids, including bile acids and steroid hormones."
"salmon",78,78,9,2.709892462313e-12,4.96452299095741e-08,13,0.166666666666667,0.361111111111111,36,"GO:0006694","BP","steroid biosynthetic process","The chemical reactions and pathways resulting in the formation of steroids, compounds with a 1,2,cyclopentanoperhydrophenanthrene nucleus; includes de novo formation and steroid interconversion by modification."
"salmon",78,78,10,3.59099076023319e-12,6.5786950727472e-08,11,0.141025641025641,0.478260869565217,23,"GO:0006637","BP","acyl-CoA metabolic process","The chemical reactions and pathways involving acyl-CoA, any derivative of coenzyme A in which the sulfhydryl group is in thiolester linkage with an acyl group."
"tan",81,73,1,0.00036753135035442,1,38,0.520547945205479,0.0413492927094668,919,"GO:0003824","MF","catalytic activity","Catalysis of a biochemical reaction at physiological temperatures. In biologically catalyzed reactions, the reactants are known as substrates, and the catalysts are naturally occurring macromolecular substances known as enzymes. Enzymes possess specific binding sites for substrates, and are usually composed wholly or largely of protein, but RNA that has catalytic activity (ribozyme) is often also regarded as enzymatic."
"tan",81,73,2,0.00126157758232661,1,16,0.219178082191781,0.0583941605839416,274,"GO:0005794","CC","Golgi apparatus","A membrane-bound cytoplasmic organelle of the endomembrane system that further processes the core oligosaccharides (e.g. N-glycans) added to proteins in the endoplasmic reticulum and packages them into membrane-bound vesicles. The Golgi apparatus operates at the intersection of the secretory, lysosomal, and endocytic pathways."
"tan",81,73,3,0.00143963407997165,1,12,0.164383561643836,0.0685714285714286,175,"GO:1902494","CC","catalytic complex",NA
"tan",81,73,4,0.00174414748548054,1,3,0.0410958904109589,0.3,10,"GO:0030134","CC","COPII-coated ER to Golgi transport vesicle","A vesicle with a coat formed of the COPII coat complex proteins. The COPII coat complex is formed by the Sec23p/Sec24p and the Sec13p/Sec31p heterodimers. COPII-associated vesicles transport proteins from the rough endoplasmic reticulum to the Golgi apparatus (anterograde transport)."
"tan",81,73,5,0.00184752107257691,1,13,0.178082191780822,0.0634146341463415,205,"GO:0046907","BP","intracellular transport","The directed movement of substances within a cell."
"tan",81,73,6,0.00194334496079969,1,2,0.0273972602739726,0.666666666666667,3,"GO:0048490","BP","anterograde synaptic vesicle transport","The directed movement of synaptic vesicle along axonal microtubules from the cell body to the presynapse."
"tan",81,73,7,0.00235390021671675,1,3,0.0410958904109589,0.272727272727273,11,"GO:0032365","BP","intracellular lipid transport","The directed movement of lipids within cells."
"tan",81,73,8,0.00259613811432006,1,66,0.904109589041096,0.0302891234511244,2179,"GO:0005622","CC","intracellular","The living contents of a cell; the matter contained within (but not including) the plasma membrane, usually taken to exclude large vacuoles and masses of secretory or ingested material. In eukaryotes it includes the nucleus and cytoplasm."
"tan",81,73,9,0.00382164340649834,1,2,0.0273972602739726,0.5,4,"GO:0006622","BP","protein targeting to lysosome","The process of directing proteins towards the lysosome using signals contained within the protein."
"tan",81,73,10,0.00382164340649834,1,2,0.0273972602739726,0.5,4,"GO:0071786","BP","endoplasmic reticulum tubular network organization","A process that is carried out at the cellular level which results in the assembly, arrangement of constituent parts, or disassembly of the endoplasmic reticulum (ER) tubular network. The ER tubular network is the ER part that that has membranes with high curvature in cross-section."
"turquoise",529,506,1,4.56328363672488e-05,0.835993562247998,25,0.0494071146245059,0.390625,64,"GO:0003712","MF","transcription coregulator activity","A protein or a member of a complex that interacts specifically and non-covalently with a DNA-bound DNA-binding transcription factor to either activate or repress the transcription of specific genes. Coregulators often act by altering chromatin structure and modifications. For example, one class of transcription coregulators modifies chromatin structure through covalent modification of histones. A second ATP-dependent class modifies the conformation of chromatin. A third class modulates interactions of DNA-binding transcription factor with other transcription coregulators."
"turquoise",529,506,2,0.000151306439790285,1,9,0.0177865612648221,0.642857142857143,14,"GO:0000956","BP","nuclear-transcribed mRNA catabolic process","The chemical reactions and pathways resulting in the breakdown of nuclear-transcribed mRNAs in eukaryotic cells."
"turquoise",529,506,3,0.000332973500950002,1,15,0.0296442687747036,0.441176470588235,34,"GO:0007606","BP","sensory perception of chemical stimulus","The series of events required for an organism to receive a sensory chemical stimulus, convert it to a molecular signal, and recognize and characterize the signal. This is a neurological process."
"turquoise",529,506,4,0.000454968037995058,1,13,0.0256916996047431,0.464285714285714,28,"GO:0007608","BP","sensory perception of smell","The series of events required for an organism to receive an olfactory stimulus, convert it to a molecular signal, and recognize and characterize the signal. Olfaction involves the detection of chemical composition of an organism's ambient medium by chemoreceptors. This is a neurological process."
"turquoise",529,506,5,0.000613940987292428,1,9,0.0177865612648221,0.5625,16,"GO:0006413","BP","translational initiation","The process preceding formation of the peptide bond between the first two amino acids of a protein. This includes the formation of a complex of the ribosome, mRNA or circRNA, and an initiation complex that contains the first aminoacyl-tRNA."
"turquoise",529,506,6,0.000670091072365051,1,41,0.0810276679841897,0.288732394366197,142,"GO:0044265","BP","cellular macromolecule catabolic process","The chemical reactions and pathways resulting in the breakdown of a macromolecule, any large molecule including proteins, nucleic acids and carbohydrates, as carried out by individual cells."
"turquoise",529,506,7,0.000812430787173516,1,72,0.142292490118577,0.250871080139373,287,"GO:0010557","BP","positive regulation of macromolecule biosynthetic process","Any process that increases the rate, frequency or extent of the chemical reactions and pathways resulting in the formation of a macromolecule, any molecule of high relative molecular mass, the structure of which essentially comprises the multiple repetition of units derived, actually or conceptually, from molecules of low relative molecular mass."
"turquoise",529,506,8,0.000919062342494837,1,36,0.0711462450592885,0.295081967213115,122,"GO:0008134","MF","transcription factor binding","Interacting selectively and non-covalently with a transcription factor, a protein required to initiate or regulate transcription."
"turquoise",529,506,9,0.00092044667645206,1,64,0.126482213438735,0.256,250,"GO:0045893","BP","positive regulation of transcription, DNA-templated","Any process that activates or increases the frequency, rate or extent of cellular DNA-templated transcription."
"turquoise",529,506,10,0.000989508134300764,1,15,0.0296442687747036,0.405405405405405,37,"GO:0003713","MF","transcription coactivator activity","A protein or a member of a complex that interacts specifically and non-covalently with a DNA-bound DNA-binding transcription factor to activate the transcription of specific genes. Coactivators often act by altering chromatin structure and modifications. For example, one class of transcription coregulators modifies chromatin structure through covalent modification of histones. A second ATP-dependent class modifies the conformation of chromatin. Another type of coregulator activity is the bridging of a DNA-binding transcription factor to the basal transcription machinery. The Mediator complex, which bridges transcription factors and RNA polymerase, is also a transcription coactivator."
"yellow",199,140,1,0.000119241628782358,1,3,0.0214285714285714,1,3,"GO:0016151","MF","nickel cation binding","Interacting selectively and non-covalently with nickel (Ni) cations."
"yellow",199,140,2,0.000259609079725932,1,5,0.0357142857142857,0.384615384615385,13,"GO:0006900","BP","vesicle budding from membrane","The evagination of a membrane, resulting in formation of a vesicle."
"yellow",199,140,3,0.000960923053584116,1,4,0.0285714285714286,0.4,10,"GO:0003156","BP","regulation of animal organ formation","Any process that modulates the rate, frequency or extent of animal organ formation. Organ formation is the process pertaining to the initial formation of an organ from unspecified parts. The process begins with the specific processes that contribute to the appearance of the discrete structure, such as inductive events, and ends when the structural rudiment of the organ is recognizable, such as a condensation of mesenchymal cells into the organ rudiment."
"yellow",199,140,4,0.000960923053584116,1,4,0.0285714285714286,0.4,10,"GO:0030666","CC","endocytic vesicle membrane","The lipid bilayer surrounding an endocytic vesicle."
"yellow",199,140,5,0.00110725818002835,1,3,0.0214285714285714,0.6,5,"GO:0019883","BP","antigen processing and presentation of endogenous antigen","The process in which an antigen-presenting cell expresses antigen (peptide or lipid) of endogenous origin on its cell surface in association with an MHC protein complex."
"yellow",199,140,6,0.00110725818002835,1,3,0.0214285714285714,0.6,5,"GO:0019885","BP","antigen processing and presentation of endogenous peptide antigen via MHC class I","The process in which an antigen-presenting cell expresses a peptide antigen of endogenous origin on its cell surface in association with an MHC class I protein complex. The peptide antigen is typically, but not always, processed from a whole protein. Class I here refers to classical class I molecules."
"yellow",199,140,7,0.00111233512772464,1,10,0.0714285714285714,0.153846153846154,65,"GO:0005996","BP","monosaccharide metabolic process","The chemical reactions and pathways involving monosaccharides, the simplest carbohydrates. They are polyhydric alcohols containing either an aldehyde or a keto group and between three to ten or more carbon atoms. They form the constitutional repeating units of oligo- and polysaccharides."
"yellow",199,140,8,0.0012563096959678,1,10,0.0714285714285714,0.151515151515152,66,"GO:0019439","BP","aromatic compound catabolic process","The chemical reactions and pathways resulting in the breakdown of aromatic compounds, any substance containing an aromatic carbon ring."
"yellow",199,140,9,0.00168877746094866,1,92,0.657142857142857,0.0609675281643473,1509,"GO:0044237","BP","cellular metabolic process","The chemical reactions and pathways by which individual cells transform chemical substances."
"yellow",199,140,10,0.00184176693513724,1,5,0.0357142857142857,0.263157894736842,19,"GO:0043407","BP","negative regulation of MAP kinase activity","Any process that stops, prevents, or reduces the frequency, rate or extent of MAP kinase activity."
